{
  "cur_id": {
    "4": [
      0,
      6,
      8,
      13,
      14,
      27,
      28,
      32,
      35,
      53,
      71,
      83,
      84,
      87,
      88
    ],
    "5": [
      1,
      19,
      40
    ],
    "12": [
      2,
      9,
      16,
      21,
      37,
      38,
      39,
      45,
      46,
      55,
      56,
      67,
      69,
      74,
      76,
      94,
      99
    ],
    "7": [
      3,
      11,
      12,
      15,
      20,
      23,
      29,
      31,
      41,
      42,
      43,
      48,
      49,
      50,
      51,
      57,
      58,
      60,
      62,
      63,
      66,
      68,
      73,
      81,
      89,
      95,
      97,
      98
    ],
    "0": [
      4,
      54
    ],
    "9": [
      5,
      10,
      18,
      25,
      30,
      44,
      61,
      70
    ],
    "1": [
      7
    ],
    "2": [
      17,
      26,
      65,
      86
    ],
    "19": [
      22
    ],
    "16": [
      24,
      52
    ],
    "6": [
      33,
      47,
      64,
      79,
      80,
      82,
      90,
      91,
      92,
      96
    ],
    "3": [
      34
    ],
    "11": [
      36
    ],
    "17": [
      59
    ],
    "14": [
      72
    ],
    "15": [
      75
    ],
    "18": [
      77
    ],
    "10": [
      78
    ],
    "8": [
      85
    ],
    "13": [
      93
    ]
  }
}