{
  "cur_id": {
    "66": [
      0,
      4,
      48,
      76,
      106,
      141,
      216,
      290,
      298,
      330,
      362,
      376
    ],
    "1": [
      1,
      36,
      200,
      201,
      204,
      315,
      357,
      374,
      431
    ],
    "35": [
      2,
      17,
      143,
      169,
      202,
      224,
      318,
      338,
      342,
      370,
      433,
      442,
      494
    ],
    "18": [
      3,
      65,
      91,
      276,
      279
    ],
    "63": [
      5,
      42,
      49,
      56,
      71,
      72,
      77,
      92,
      93,
      148,
      150,
      163,
      164,
      178,
      187,
      210,
      222,
      252,
      268,
      284,
      331,
      333,
      363,
      379,
      383,
      422,
      439,
      441
    ],
    "62": [
      6,
      19,
      110,
      120,
      130,
      140,
      149,
      154,
      181,
      206,
      218,
      255,
      264,
      308,
      332,
      351,
      367,
      398,
      427,
      461,
      487
    ],
    "3": [
      7,
      15,
      94,
      281,
      339,
      364
    ],
    "21": [
      8,
      38,
      95,
      186,
      277,
      380,
      491
    ],
    "81": [
      9,
      27,
      80,
      196,
      303,
      337,
      353,
      355,
      440,
      479
    ],
    "5": [
      10,
      307,
      382
    ],
    "10": [
      11,
      69,
      121,
      214,
      336,
      371,
      451,
      457
    ],
    "68": [
      12,
      142,
      175,
      229,
      258,
      288,
      323,
      348,
      396,
      460,
      481
    ],
    "94": [
      13,
      74,
      144,
      241,
      287
    ],
    "96": [
      14,
      29,
      85,
      157,
      189,
      239,
      289,
      302,
      309,
      324,
      334,
      414,
      417,
      455,
      470,
      471
    ],
    "2": [
      16,
      25,
      31,
      125,
      208,
      209,
      231,
      247,
      301,
      306,
      321,
      343,
      394,
      399,
      473,
      488
    ],
    "61": [
      18,
      39,
      111,
      112,
      113,
      152,
      199,
      269,
      297,
      329,
      459,
      463
    ],
    "16": [
      20,
      60,
      96,
      135,
      168,
      217,
      219,
      235,
      446
    ],
    "0": [
      21,
      83,
      246,
      265,
      272,
      274,
      312,
      389,
      445,
      485,
      495
    ],
    "12": [
      22,
      41,
      58,
      63,
      66,
      115,
      138,
      223,
      372,
      390,
      395,
      403,
      419,
      430,
      443
    ],
    "70": [
      23,
      107,
      108,
      162,
      170,
      238,
      278,
      282,
      295,
      311,
      423,
      466
    ],
    "55": [
      24,
      28,
      104,
      194,
      359,
      397,
      413
    ],
    "15": [
      26,
      67,
      183,
      192,
      203,
      243,
      283,
      326,
      385,
      418,
      447,
      496
    ],
    "71": [
      30,
      165,
      254,
      317,
      416,
      482
    ],
    "50": [
      32,
      54,
      128,
      179,
      240,
      261,
      420,
      424,
      468,
      498
    ],
    "4": [
      33,
      191,
      245,
      253,
      387
    ],
    "86": [
      34,
      341,
      444,
      454
    ],
    "31": [
      35,
      137,
      213,
      215,
      273,
      375,
      415,
      434
    ],
    "27": [
      37,
      256,
      296
    ],
    "73": [
      40,
      220,
      409,
      462
    ],
    "9": [
      43,
      227,
      233,
      242,
      259,
      260,
      449,
      472
    ],
    "44": [
      44,
      172,
      249,
      299,
      360,
      483
    ],
    "46": [
      45,
      225,
      310
    ],
    "57": [
      46,
      97,
      211,
      230,
      320,
      352,
      388,
      407,
      435,
      499
    ],
    "32": [
      47,
      62,
      114,
      153,
      177,
      294,
      391,
      401
    ],
    "11": [
      50,
      134,
      155,
      412
    ],
    "37": [
      51,
      270
    ],
    "26": [
      52,
      100,
      156,
      166,
      171,
      377,
      467,
      490
    ],
    "8": [
      53,
      89,
      193,
      271,
      356,
      405
    ],
    "69": [
      55,
      408,
      480
    ],
    "80": [
      57,
      68,
      428
    ],
    "33": [
      59,
      158,
      322,
      328,
      365,
      453,
      456,
      465,
      475
    ],
    "25": [
      61,
      190
    ],
    "72": [
      64
    ],
    "84": [
      70,
      124,
      221,
      244
    ],
    "38": [
      73,
      335,
      346,
      432
    ],
    "20": [
      75,
      90,
      286,
      314,
      493
    ],
    "89": [
      78,
      484
    ],
    "19": [
      79,
      349
    ],
    "95": [
      81,
      99,
      126,
      139,
      232,
      257,
      292,
      344,
      381,
      392,
      474,
      478
    ],
    "49": [
      82,
      340
    ],
    "40": [
      84,
      103,
      248
    ],
    "29": [
      86,
      88,
      123,
      160,
      262
    ],
    "13": [
      87,
      102,
      105,
      251,
      275,
      316,
      373,
      386,
      425,
      450
    ],
    "14": [
      98,
      212,
      404
    ],
    "56": [
      101,
      438
    ],
    "48": [
      109
    ],
    "22": [
      116,
      236,
      384
    ],
    "42": [
      117,
      234,
      345
    ],
    "53": [
      118,
      205,
      411
    ],
    "7": [
      119,
      174,
      180,
      350,
      368,
      464
    ],
    "82": [
      122
    ],
    "51": [
      127,
      136,
      476
    ],
    "36": [
      129
    ],
    "43": [
      131
    ],
    "30": [
      132,
      469
    ],
    "65": [
      133,
      291
    ],
    "64": [
      145
    ],
    "24": [
      146,
      266
    ],
    "47": [
      147,
      477
    ],
    "45": [
      151,
      184,
      426
    ],
    "83": [
      159
    ],
    "90": [
      161
    ],
    "23": [
      167,
      402,
      421
    ],
    "39": [
      173,
      285,
      436,
      448,
      492
    ],
    "75": [
      176,
      228
    ],
    "92": [
      182
    ],
    "17": [
      185,
      354
    ],
    "67": [
      188,
      378
    ],
    "85": [
      195
    ],
    "54": [
      197,
      358,
      429
    ],
    "78": [
      198
    ],
    "58": [
      207
    ],
    "28": [
      226,
      293,
      300,
      325,
      369,
      400,
      486
    ],
    "60": [
      237
    ],
    "74": [
      250,
      458
    ],
    "6": [
      263,
      280
    ],
    "34": [
      267
    ],
    "93": [
      304
    ],
    "98": [
      305
    ],
    "97": [
      313,
      452
    ],
    "88": [
      319,
      497
    ],
    "87": [
      327
    ],
    "76": [
      347
    ],
    "59": [
      361
    ],
    "79": [
      366
    ],
    "52": [
      393
    ],
    "91": [
      406
    ],
    "41": [
      410
    ],
    "99": [
      437
    ],
    "77": [
      489
    ]
  }
}