{
  "cur_id": {
    "93": [
      0,
      215,
      366,
      601
    ],
    "6": [
      1,
      7,
      31,
      239,
      323,
      621,
      682,
      785,
      889
    ],
    "95": [
      2,
      822,
      974
    ],
    "216": [
      3,
      180
    ],
    "186": [
      4,
      314,
      846
    ],
    "379": [
      5
    ],
    "454": [
      6
    ],
    "444": [
      8
    ],
    "310": [
      9,
      695
    ],
    "55": [
      10,
      526
    ],
    "344": [
      11
    ],
    "110": [
      12,
      305,
      327,
      477,
      501,
      622
    ],
    "100": [
      13,
      29
    ],
    "156": [
      14
    ],
    "170": [
      15,
      179,
      805
    ],
    "498": [
      16
    ],
    "476": [
      17,
      326
    ],
    "178": [
      18,
      982
    ],
    "51": [
      19,
      522,
      866,
      920
    ],
    "148": [
      20,
      398,
      789,
      932,
      995,
      996
    ],
    "139": [
      21,
      839,
      849
    ],
    "126": [
      22,
      216,
      346,
      591,
      778
    ],
    "121": [
      23,
      871
    ],
    "13": [
      24,
      157,
      174
    ],
    "318": [
      25
    ],
    "125": [
      26,
      171,
      365,
      427,
      787,
      818
    ],
    "376": [
      27,
      251,
      302,
      510,
      965
    ],
    "196": [
      28,
      250
    ],
    "29": [
      30,
      92,
      136,
      703,
      796,
      926
    ],
    "424": [
      32,
      132,
      551
    ],
    "417": [
      33,
      947
    ],
    "106": [
      34,
      84
    ],
    "107": [
      35,
      380
    ],
    "142": [
      36,
      912
    ],
    "61": [
      37,
      762,
      790,
      978
    ],
    "41": [
      38,
      155,
      441,
      645
    ],
    "43": [
      39,
      55,
      56,
      635
    ],
    "445": [
      40,
      461,
      840
    ],
    "211": [
      41,
      870
    ],
    "332": [
      42
    ],
    "473": [
      43,
      178,
      873
    ],
    "416": [
      44
    ],
    "2": [
      45,
      851,
      994
    ],
    "492": [
      46
    ],
    "62": [
      47,
      203,
      827,
      915
    ],
    "301": [
      48,
      105,
      309,
      391,
      466,
      943,
      967
    ],
    "321": [
      49,
      426
    ],
    "194": [
      50,
      505
    ],
    "298": [
      51,
      354
    ],
    "432": [
      52
    ],
    "89": [
      53,
      66,
      417,
      698,
      916
    ],
    "482": [
      54
    ],
    "287": [
      57,
      168,
      296,
      579,
      971
    ],
    "467": [
      58,
      390
    ],
    "431": [
      59,
      688
    ],
    "108": [
      60,
      268
    ],
    "233": [
      61,
      185
    ],
    "22": [
      62,
      332,
      360,
      402,
      726,
      749
    ],
    "195": [
      63
    ],
    "411": [
      64
    ],
    "296": [
      65
    ],
    "272": [
      67,
      542,
      808,
      891,
      900,
      921
    ],
    "87": [
      68,
      722,
      979
    ],
    "71": [
      69,
      188,
      483
    ],
    "451": [
      70,
      581,
      804,
      881
    ],
    "153": [
      71
    ],
    "391": [
      72
    ],
    "15": [
      73,
      254,
      316,
      401,
      549
    ],
    "203": [
      74
    ],
    "472": [
      75
    ],
    "159": [
      76
    ],
    "20": [
      77,
      137,
      291,
      330,
      832
    ],
    "5": [
      78,
      394,
      509,
      969
    ],
    "342": [
      79
    ],
    "54": [
      80,
      116,
      379,
      604,
      632,
      662
    ],
    "334": [
      81
    ],
    "239": [
      82,
      233,
      669,
      857
    ],
    "21": [
      83,
      120,
      413,
      527,
      923
    ],
    "308": [
      85,
      246,
      848,
      936
    ],
    "410": [
      86
    ],
    "76": [
      87,
      442,
      795
    ],
    "136": [
      88,
      937
    ],
    "325": [
      89
    ],
    "377": [
      90
    ],
    "258": [
      91,
      123,
      138,
      167,
      447,
      687,
      708
    ],
    "82": [
      93
    ],
    "14": [
      94,
      486,
      493,
      503,
      642
    ],
    "385": [
      95,
      110,
      372,
      884,
      940
    ],
    "183": [
      96
    ],
    "249": [
      97,
      439
    ],
    "7": [
      98,
      207,
      235,
      353,
      628,
      878
    ],
    "46": [
      99,
      100,
      102,
      103
    ],
    "30": [
      101,
      189,
      393,
      810,
      879,
      952
    ],
    "471": [
      104
    ],
    "306": [
      106
    ],
    "67": [
      107,
      108,
      170,
      283,
      359,
      478,
      485,
      716,
      809
    ],
    "179": [
      109,
      135,
      154,
      204,
      421,
      563,
      614,
      633,
      654,
      717,
      773
    ],
    "172": [
      111,
      471,
      594
    ],
    "361": [
      112
    ],
    "254": [
      113
    ],
    "187": [
      114
    ],
    "214": [
      115,
      315,
      552
    ],
    "257": [
      117
    ],
    "12": [
      118,
      122,
      211,
      213
    ],
    "313": [
      119
    ],
    "28": [
      121,
      269,
      362,
      823,
      957
    ],
    "448": [
      124,
      733,
      949
    ],
    "261": [
      125,
      145
    ],
    "168": [
      126,
      303
    ],
    "58": [
      127,
      351,
      407
    ],
    "143": [
      128
    ],
    "83": [
      129,
      173
    ],
    "353": [
      130,
      546,
      734,
      895
    ],
    "27": [
      131,
      479,
      782,
      928
    ],
    "160": [
      133,
      182,
      229,
      242
    ],
    "262": [
      134,
      860
    ],
    "56": [
      139,
      308
    ],
    "69": [
      140,
      367,
      750,
      793
    ],
    "66": [
      141,
      187,
      221,
      234,
      523,
      663,
      730,
      844,
      885,
      894
    ],
    "145": [
      142
    ],
    "101": [
      143,
      226
    ],
    "406": [
      144
    ],
    "177": [
      146,
      626,
      859
    ],
    "436": [
      147,
      190,
      939
    ],
    "88": [
      148,
      618,
      781
    ],
    "157": [
      149,
      236
    ],
    "114": [
      150,
      252,
      496,
      525,
      673,
      799
    ],
    "331": [
      151,
      241,
      907
    ],
    "290": [
      152
    ],
    "484": [
      153
    ],
    "113": [
      156,
      212,
      345,
      664
    ],
    "488": [
      158
    ],
    "360": [
      159
    ],
    "150": [
      160,
      780
    ],
    "3": [
      161,
      280,
      320,
      406,
      680
    ],
    "36": [
      162,
      382,
      383,
      384,
      537,
      539,
      540
    ],
    "384": [
      163,
      792
    ],
    "117": [
      164,
      275,
      386
    ],
    "244": [
      165,
      244
    ],
    "42": [
      166
    ],
    "243": [
      169,
      374
    ],
    "137": [
      172,
      176
    ],
    "26": [
      175,
      228,
      429,
      513,
      570,
      748,
      843
    ],
    "1": [
      177,
      507,
      864
    ],
    "281": [
      181,
      227,
      458,
      595,
      653,
      702,
      892
    ],
    "380": [
      183,
      206
    ],
    "75": [
      184
    ],
    "490": [
      186
    ],
    "91": [
      191,
      196
    ],
    "427": [
      192
    ],
    "493": [
      193
    ],
    "248": [
      194
    ],
    "103": [
      195,
      821
    ],
    "162": [
      197,
      910
    ],
    "453": [
      198,
      243
    ],
    "433": [
      199
    ],
    "23": [
      200,
      524,
      691,
      956
    ],
    "188": [
      201
    ],
    "155": [
      202,
      802
    ],
    "192": [
      205,
      457,
      639
    ],
    "24": [
      208
    ],
    "399": [
      209
    ],
    "169": [
      210
    ],
    "135": [
      214,
      469
    ],
    "330": [
      217,
      435,
      548
    ],
    "173": [
      218,
      262,
      490
    ],
    "474": [
      219,
      220,
      339
    ],
    "132": [
      222
    ],
    "446": [
      223
    ],
    "449": [
      224,
      356,
      608,
      609
    ],
    "184": [
      225,
      265
    ],
    "38": [
      230,
      452,
      798
    ],
    "44": [
      231,
      463,
      544,
      861,
      874,
      875
    ],
    "218": [
      232
    ],
    "34": [
      237,
      679,
      756
    ],
    "354": [
      238
    ],
    "72": [
      240,
      434,
      649,
      650,
      976,
      984
    ],
    "300": [
      245,
      399
    ],
    "229": [
      247
    ],
    "255": [
      248
    ],
    "245": [
      249,
      286,
      908
    ],
    "152": [
      253,
      498,
      625,
      966
    ],
    "412": [
      255,
      950
    ],
    "181": [
      256
    ],
    "33": [
      257
    ],
    "70": [
      258,
      289,
      547,
      904
    ],
    "435": [
      259
    ],
    "134": [
      260,
      980,
      981
    ],
    "219": [
      261,
      310
    ],
    "491": [
      263
    ],
    "291": [
      264
    ],
    "19": [
      266,
      929
    ],
    "223": [
      267,
      690,
      739
    ],
    "35": [
      270,
      707,
      775
    ],
    "241": [
      271,
      284
    ],
    "144": [
      272
    ],
    "45": [
      273,
      378,
      535,
      752,
      765,
      963
    ],
    "18": [
      274,
      520,
      701,
      803
    ],
    "138": [
      276,
      409,
      788
    ],
    "221": [
      277
    ],
    "485": [
      278
    ],
    "356": [
      279,
      318,
      779
    ],
    "199": [
      281,
      446,
      665,
      759
    ],
    "273": [
      282
    ],
    "292": [
      285,
      985
    ],
    "405": [
      287,
      896
    ],
    "337": [
      288
    ],
    "276": [
      290
    ],
    "468": [
      292
    ],
    "349": [
      293
    ],
    "80": [
      294,
      472,
      606,
      672
    ],
    "146": [
      295,
      349,
      377
    ],
    "341": [
      297
    ],
    "190": [
      298,
      440,
      566
    ],
    "133": [
      299
    ],
    "457": [
      300,
      424
    ],
    "329": [
      301
    ],
    "31": [
      304,
      387,
      554,
      834,
      991
    ],
    "86": [
      306,
      856,
      867,
      983
    ],
    "25": [
      307,
      558,
      705,
      757
    ],
    "415": [
      311
    ],
    "388": [
      312
    ],
    "198": [
      313
    ],
    "437": [
      317
    ],
    "225": [
      319,
      935
    ],
    "212": [
      321,
      968
    ],
    "279": [
      322
    ],
    "326": [
      324
    ],
    "297": [
      325,
      338
    ],
    "346": [
      328
    ],
    "408": [
      329
    ],
    "419": [
      331
    ],
    "94": [
      333,
      437,
      553,
      585,
      629
    ],
    "79": [
      334,
      686
    ],
    "141": [
      335
    ],
    "115": [
      336,
      414,
      528,
      675,
      721,
      729,
      883
    ],
    "60": [
      337,
      876,
      973
    ],
    "90": [
      340,
      504
    ],
    "430": [
      341
    ],
    "206": [
      342,
      408,
      574,
      924
    ],
    "447": [
      343
    ],
    "189": [
      344
    ],
    "414": [
      347
    ],
    "271": [
      348
    ],
    "124": [
      350,
      902,
      909
    ],
    "285": [
      352,
      561,
      592
    ],
    "317": [
      355,
      905
    ],
    "68": [
      357,
      743,
      766
    ],
    "10": [
      358
    ],
    "247": [
      361,
      898
    ],
    "496": [
      363
    ],
    "174": [
      364,
      502
    ],
    "441": [
      368,
      385
    ],
    "209": [
      369
    ],
    "282": [
      370
    ],
    "266": [
      371
    ],
    "338": [
      373,
      671,
      715
    ],
    "17": [
      375,
      511,
      769,
      770
    ],
    "74": [
      376
    ],
    "39": [
      381,
      438
    ],
    "362": [
      388
    ],
    "130": [
      389
    ],
    "167": [
      392
    ],
    "351": [
      395,
      536,
      652
    ],
    "478": [
      396
    ],
    "269": [
      397,
      946
    ],
    "63": [
      400,
      521,
      728,
      786
    ],
    "201": [
      403,
      425
    ],
    "98": [
      404
    ],
    "404": [
      405
    ],
    "463": [
      410
    ],
    "487": [
      411
    ],
    "11": [
      412,
      464,
      508
    ],
    "97": [
      415
    ],
    "359": [
      416,
      431
    ],
    "395": [
      418,
      797,
      990,
      993
    ],
    "48": [
      419,
      460,
      529,
      917
    ],
    "413": [
      420
    ],
    "140": [
      422,
      853
    ],
    "398": [
      423
    ],
    "293": [
      428
    ],
    "348": [
      430
    ],
    "92": [
      432,
      454,
      533,
      714
    ],
    "270": [
      433,
      456
    ],
    "197": [
      436,
      497
    ],
    "52": [
      443,
      741
    ],
    "442": [
      444,
      992
    ],
    "85": [
      445,
      599,
      640
    ],
    "423": [
      448
    ],
    "260": [
      449
    ],
    "303": [
      450
    ],
    "364": [
      451,
      677,
      826
    ],
    "466": [
      453
    ],
    "236": [
      455
    ],
    "250": [
      459
    ],
    "73": [
      462,
      693
    ],
    "458": [
      465
    ],
    "251": [
      467
    ],
    "363": [
      468
    ],
    "420": [
      470
    ],
    "264": [
      473
    ],
    "409": [
      474
    ],
    "149": [
      475,
      862
    ],
    "112": [
      476,
      560,
      801
    ],
    "460": [
      480
    ],
    "104": [
      481
    ],
    "280": [
      482,
      820
    ],
    "123": [
      484,
      767
    ],
    "111": [
      487,
      506
    ],
    "32": [
      488
    ],
    "315": [
      489
    ],
    "176": [
      491
    ],
    "77": [
      492,
      660,
      754
    ],
    "456": [
      494
    ],
    "284": [
      495
    ],
    "165": [
      499,
      696
    ],
    "289": [
      500,
      612
    ],
    "390": [
      512,
      586
    ],
    "428": [
      514
    ],
    "422": [
      515
    ],
    "497": [
      516
    ],
    "319": [
      517
    ],
    "202": [
      518
    ],
    "105": [
      519
    ],
    "222": [
      530
    ],
    "232": [
      531
    ],
    "426": [
      532
    ],
    "323": [
      534
    ],
    "204": [
      538,
      541,
      643,
      644
    ],
    "240": [
      543
    ],
    "0": [
      545
    ],
    "309": [
      550
    ],
    "357": [
      555
    ],
    "210": [
      556
    ],
    "37": [
      557,
      958
    ],
    "238": [
      559
    ],
    "295": [
      562,
      959
    ],
    "368": [
      564,
      587
    ],
    "372": [
      565
    ],
    "481": [
      567
    ],
    "180": [
      568
    ],
    "311": [
      569
    ],
    "120": [
      571,
      572
    ],
    "119": [
      573,
      888
    ],
    "220": [
      575
    ],
    "40": [
      576,
      951
    ],
    "333": [
      577
    ],
    "274": [
      578,
      914
    ],
    "231": [
      580,
      597,
      646,
      661,
      706,
      989
    ],
    "374": [
      582
    ],
    "343": [
      583
    ],
    "128": [
      584,
      667,
      858,
      948
    ],
    "350": [
      588
    ],
    "464": [
      589
    ],
    "127": [
      590
    ],
    "440": [
      593
    ],
    "267": [
      596
    ],
    "499": [
      598
    ],
    "175": [
      600,
      925
    ],
    "352": [
      602
    ],
    "47": [
      603,
      899
    ],
    "382": [
      605
    ],
    "234": [
      607,
      830
    ],
    "109": [
      610,
      611
    ],
    "461": [
      613
    ],
    "283": [
      615
    ],
    "235": [
      616
    ],
    "286": [
      617
    ],
    "217": [
      619
    ],
    "418": [
      620
    ],
    "84": [
      623
    ],
    "224": [
      624,
      735,
      736
    ],
    "429": [
      627,
      847
    ],
    "129": [
      630
    ],
    "469": [
      631
    ],
    "213": [
      634
    ],
    "182": [
      636
    ],
    "208": [
      637
    ],
    "314": [
      638
    ],
    "371": [
      641
    ],
    "336": [
      647
    ],
    "163": [
      648,
      835
    ],
    "96": [
      651
    ],
    "207": [
      655
    ],
    "434": [
      656
    ],
    "316": [
      657
    ],
    "154": [
      658,
      659,
      704
    ],
    "366": [
      666
    ],
    "215": [
      668,
      962
    ],
    "53": [
      670
    ],
    "16": [
      674
    ],
    "401": [
      676
    ],
    "277": [
      678
    ],
    "65": [
      681,
      880,
      975,
      986
    ],
    "8": [
      683
    ],
    "383": [
      684
    ],
    "164": [
      685,
      863
    ],
    "57": [
      689
    ],
    "59": [
      692
    ],
    "378": [
      694
    ],
    "345": [
      697
    ],
    "49": [
      699,
      709
    ],
    "4": [
      700,
      712
    ],
    "355": [
      710
    ],
    "185": [
      711,
      970
    ],
    "265": [
      713,
      831
    ],
    "369": [
      718,
      760
    ],
    "253": [
      719
    ],
    "78": [
      720
    ],
    "158": [
      723,
      954
    ],
    "294": [
      724
    ],
    "193": [
      725
    ],
    "116": [
      727
    ],
    "151": [
      731
    ],
    "259": [
      732
    ],
    "252": [
      737
    ],
    "122": [
      738
    ],
    "99": [
      740,
      813
    ],
    "131": [
      742
    ],
    "403": [
      744
    ],
    "312": [
      745,
      964
    ],
    "387": [
      746
    ],
    "50": [
      747
    ],
    "483": [
      751
    ],
    "102": [
      753,
      893
    ],
    "237": [
      755
    ],
    "421": [
      758
    ],
    "268": [
      761
    ],
    "64": [
      763
    ],
    "397": [
      764
    ],
    "299": [
      768
    ],
    "400": [
      771
    ],
    "226": [
      772
    ],
    "9": [
      774
    ],
    "452": [
      776
    ],
    "489": [
      777
    ],
    "302": [
      783
    ],
    "327": [
      784
    ],
    "256": [
      791,
      913,
      988
    ],
    "439": [
      794
    ],
    "438": [
      800
    ],
    "455": [
      806
    ],
    "242": [
      807
    ],
    "118": [
      811
    ],
    "166": [
      812
    ],
    "304": [
      814
    ],
    "480": [
      815
    ],
    "191": [
      816,
      931
    ],
    "407": [
      817
    ],
    "462": [
      819
    ],
    "322": [
      824
    ],
    "81": [
      825
    ],
    "486": [
      828
    ],
    "470": [
      829
    ],
    "370": [
      833
    ],
    "335": [
      836
    ],
    "347": [
      837
    ],
    "230": [
      838
    ],
    "479": [
      841
    ],
    "494": [
      842
    ],
    "227": [
      845
    ],
    "358": [
      850
    ],
    "443": [
      852
    ],
    "389": [
      854
    ],
    "205": [
      855
    ],
    "305": [
      865
    ],
    "450": [
      868
    ],
    "228": [
      869
    ],
    "340": [
      872
    ],
    "495": [
      877
    ],
    "365": [
      882
    ],
    "367": [
      886
    ],
    "475": [
      887
    ],
    "320": [
      890
    ],
    "246": [
      897
    ],
    "339": [
      901
    ],
    "263": [
      903
    ],
    "396": [
      906
    ],
    "402": [
      911
    ],
    "373": [
      918
    ],
    "161": [
      919
    ],
    "324": [
      922
    ],
    "392": [
      927
    ],
    "200": [
      930
    ],
    "425": [
      933
    ],
    "393": [
      934
    ],
    "375": [
      938
    ],
    "147": [
      941
    ],
    "477": [
      942
    ],
    "288": [
      944
    ],
    "386": [
      945
    ],
    "307": [
      953,
      977
    ],
    "465": [
      955
    ],
    "328": [
      960
    ],
    "394": [
      961
    ],
    "381": [
      972
    ],
    "459": [
      987
    ],
    "171": [
      997
    ],
    "275": [
      998
    ],
    "278": [
      999
    ]
  }
}